{"sections":{"image_banner":{"type":"image-banner","blocks":{"heading":{"type":"heading","settings":{"heading":"Browse our latest products","heading_size":"h1"}},"button":{"type":"buttons","settings":{"button_label_1":"Shop all","button_link_1":"shopify:\/\/collections\/all","button_style_secondary_1":true,"button_label_2":"","button_link_2":"","button_style_secondary_2":false}}},"block_order":["heading","button"],"custom_css":[".banner__heading,.inline-richtext {font-family: courier, monospace;}"],"settings":{"image":"shopify:\/\/shop_images\/t-shirt-store.jpg","image_overlay_opacity":40,"image_height":"large","desktop_content_position":"bottom-center","show_text_box":false,"desktop_content_alignment":"center","color_scheme":"inverse","image_behavior":"none","mobile_content_alignment":"center","stack_images_on_mobile":false,"show_text_below":false}},"featured_collection":{"type":"featured-collection","custom_css":[".title {font-family: Courier;}"],"settings":{"title":"<strong>Featured products<\/strong>","heading_size":"h2","description":"","show_description":false,"description_style":"body","collection":"all","products_to_show":6,"columns_desktop":3,"full_width":false,"show_view_all":true,"view_all_style":"solid","enable_desktop_slider":false,"color_scheme":"background-1","image_ratio":"adapt","image_shape":"default","show_secondary_image":true,"show_vendor":false,"show_rating":false,"enable_quick_add":true,"columns_mobile":"2","swipe_on_mobile":false,"padding_top":44,"padding_bottom":36}},"1ebecd56-e8e8-4c38-a75d-e0697c0abff2":{"type":"collection-list","blocks":{"template--19661289455930__1ebecd56-e8e8-4c38-a75d-e0697c0abff2-featured_collection-3":{"type":"featured_collection","settings":{"collection":"t-shirt"}},"template--19661289455930__1ebecd56-e8e8-4c38-a75d-e0697c0abff2-featured_collection-2":{"type":"featured_collection","settings":{"collection":"sweaters"}},"template--19661289455930__1ebecd56-e8e8-4c38-a75d-e0697c0abff2-featured_collection-1":{"type":"featured_collection","settings":{"collection":"hats"}},"22fc29f1-1075-4085-9f42-6aa34bee5e4f":{"type":"featured_collection","settings":{"collection":"office-wear"}},"c5920e27-1c22-4039-9426-be17dededdcb":{"type":"featured_collection","settings":{"collection":"outerwear"}},"b7ea3842-4a5c-438b-8ca9-e2feef7174b8":{"type":"featured_collection","settings":{"collection":"accessories"}},"b28da3a2-4690-4620-8367-0662184db786":{"type":"featured_collection","settings":{"collection":"bottoms"}}},"block_order":["template--19661289455930__1ebecd56-e8e8-4c38-a75d-e0697c0abff2-featured_collection-3","template--19661289455930__1ebecd56-e8e8-4c38-a75d-e0697c0abff2-featured_collection-2","template--19661289455930__1ebecd56-e8e8-4c38-a75d-e0697c0abff2-featured_collection-1","22fc29f1-1075-4085-9f42-6aa34bee5e4f","c5920e27-1c22-4039-9426-be17dededdcb","b7ea3842-4a5c-438b-8ca9-e2feef7174b8","b28da3a2-4690-4620-8367-0662184db786"],"custom_css":[".collection-list-title {font-family: courier; font-weight: bold; font-size: 25px;}"],"settings":{"title":"Collections","heading_size":"h1","image_ratio":"square","columns_desktop":3,"color_scheme":"","show_view_all":false,"columns_mobile":"1","swipe_on_mobile":false,"padding_top":36,"padding_bottom":36}},"9fe89ab4-f47c-43c6-a826-274c8218bbb7":{"type":"image-with-text","blocks":{"template--19661289455930__9fe89ab4-f47c-43c6-a826-274c8218bbb7-heading-1":{"type":"heading","settings":{"heading":"<strong>Our Purpose<\/strong>","heading_size":"h1"}},"template--19661289455930__9fe89ab4-f47c-43c6-a826-274c8218bbb7-text-1":{"type":"text","settings":{"text":"<p>Welcome to PromotionalProducts.com, your prime source for exceptional branded merchandise and corporate giveaways. Aimed at bolstering your brand's presence, our platform offers over 1,000,000 promotional items, all backed by our core values of growth, accountability, and dedicated service. From branded apparel to tech accessories, each product promises quality and timely delivery—or it's free. Navigate our user-friendly site or engage our dedicated team for tailored recommendations, ensuring you find the perfect product every time.<\/p>","text_style":"body"}}},"block_order":["template--19661289455930__9fe89ab4-f47c-43c6-a826-274c8218bbb7-heading-1","template--19661289455930__9fe89ab4-f47c-43c6-a826-274c8218bbb7-text-1"],"custom_css":[".image-with-text__content,.image-with-text__content--top,.image-with-text__content--desktop-left,.image-with-text__content--mobile-left,.image-with-text__content--adapt {border-radius: 21px; border: 2px solid;}",".image-with-text__media,.image-with-text__media--adapt {border-radius: 21px; border: 2px solid;}",".image-with-text__heading,.inline-richtext {font-family: courier, monospace;}"],"settings":{"image":"shopify:\/\/shop_images\/business-team-meeting-boardroom.jpg","height":"adapt","desktop_image_width":"medium","layout":"image_first","desktop_content_position":"top","desktop_content_alignment":"left","content_layout":"overlap","color_scheme":"","image_behavior":"none","mobile_content_alignment":"left","padding_top":36,"padding_bottom":36}}},"order":["image_banner","featured_collection","1ebecd56-e8e8-4c38-a75d-e0697c0abff2","9fe89ab4-f47c-43c6-a826-274c8218bbb7"]}