{"sections":{"main":{"type":"main-page","disabled":true,"settings":{"padding_top":28,"padding_bottom":28}},"d3dc6057-c924-4f34-ba6c-e2994c6d9c39":{"type":"rich-text","blocks":{"template--19661289980218__d3dc6057-c924-4f34-ba6c-e2994c6d9c39-heading-1":{"type":"heading","settings":{"heading":"ABOUT US","heading_size":"h1"}}},"block_order":["template--19661289980218__d3dc6057-c924-4f34-ba6c-e2994c6d9c39-heading-1"],"custom_css":[".inline-richtext {font-family: Courier; font-weight: bold;}"],"settings":{"desktop_content_position":"left","content_alignment":"left","color_scheme":"","full_width":true,"padding_top":40,"padding_bottom":52}},"e83fc8cf-a7d8-4c00-be22-09e044d2e3cf":{"type":"multirow","blocks":{"template--19661289980218__e83fc8cf-a7d8-4c00-be22-09e044d2e3cf-row-1":{"type":"row","settings":{"caption":"","heading":"PromotionalProducts.com","text":"<p>Trusted providers of promotional products since 1999, PromotionalProducts.com is a team of people dedicated to your brand success<\/p>","button_label":"","button_link":""}},"template--19661289980218__e83fc8cf-a7d8-4c00-be22-09e044d2e3cf-row-2":{"type":"row","settings":{"caption":"Philosophy","heading":"","text":"<p>Our philosophy is simple.  Deliver exactly what was ordered on time, every time.<\/p>","button_label":"","button_link":""}},"template--19661289980218__e83fc8cf-a7d8-4c00-be22-09e044d2e3cf-row-3":{"type":"row","settings":{"caption":"Deliver Exactly What Was Ordered","heading":"","text":"<p>There are a million different variables possible at the start of an order, and it's our job to make sure you get exactly what you want.  Attention to detail is key, and our team prides itself on our order accuracy.<\/p>","button_label":"","button_link":""}},"063a2a42-35a5-48ed-ac56-c211391a4127":{"type":"row","settings":{"caption":"Deliver On Time, Every Time","heading":"","text":"<p>You have an event, and you need your promotional gifts by a particular day or they are no good to you.  <\/p><p>We get it.  <\/p><p>So much so we guarantee on-time delivery or the products are free! (contact us for more details).<\/p>","button_label":"Contact Us","button_link":"shopify:\/\/pages\/contact"}}},"block_order":["template--19661289980218__e83fc8cf-a7d8-4c00-be22-09e044d2e3cf-row-1","template--19661289980218__e83fc8cf-a7d8-4c00-be22-09e044d2e3cf-row-2","template--19661289980218__e83fc8cf-a7d8-4c00-be22-09e044d2e3cf-row-3","063a2a42-35a5-48ed-ac56-c211391a4127"],"custom_css":[".image-with-text__text--caption,.caption-with-letter-spacing,.caption-with-letter-spacing--medium {font-weight: bold;}"],"settings":{"image_height":"small","desktop_image_width":"medium","heading_size":"h1","text_style":"body","button_style":"secondary","desktop_content_position":"middle","desktop_content_alignment":"left","image_layout":"alternate-left","section_color_scheme":"","row_color_scheme":"","mobile_content_alignment":"left","padding_top":36,"padding_bottom":36}}},"order":["main","d3dc6057-c924-4f34-ba6c-e2994c6d9c39","e83fc8cf-a7d8-4c00-be22-09e044d2e3cf"]}