{"sections":{"banner":{"type":"main-collection-banner","disabled":true,"settings":{"show_collection_description":true,"show_collection_image":false,"color_scheme":"background-1"}},"product-grid":{"type":"main-collection-product-grid","disabled":true,"settings":{"products_per_page":16,"columns_desktop":4,"image_ratio":"square","image_shape":"default","show_secondary_image":false,"show_vendor":true,"show_rating":true,"enable_quick_add":false,"enable_filtering":true,"filter_type":"horizontal","enable_sorting":true,"columns_mobile":"2","padding_top":36,"padding_bottom":36}},"87c30441-dfac-4435-9f76-f31932e219d6":{"type":"collection-list","blocks":{"template--19661288997178__87c30441-dfac-4435-9f76-f31932e219d6-featured_collection-1":{"type":"featured_collection","settings":{"collection":"short-sleeve-t-shirts"}},"template--19661288997178__87c30441-dfac-4435-9f76-f31932e219d6-featured_collection-2":{"type":"featured_collection","settings":{"collection":"long-sleeve-t-shirts"}},"template--19661288997178__87c30441-dfac-4435-9f76-f31932e219d6-featured_collection-3":{"type":"featured_collection","settings":{"collection":"performance-shirts"}},"30ecdd19-5134-4db3-9a54-5af2b7178616":{"type":"featured_collection","settings":{"collection":"womens-t-shirts"}},"e540a5a8-3aea-4504-ba6b-3b8fac2c29e4":{"type":"featured_collection","settings":{"collection":"kids-t-shirts"}},"9fb80d23-3130-435c-9d8c-35950ffc1c86":{"type":"featured_collection","settings":{"collection":"tank-tops-sleeveless"}}},"block_order":["template--19661288997178__87c30441-dfac-4435-9f76-f31932e219d6-featured_collection-1","template--19661288997178__87c30441-dfac-4435-9f76-f31932e219d6-featured_collection-2","template--19661288997178__87c30441-dfac-4435-9f76-f31932e219d6-featured_collection-3","30ecdd19-5134-4db3-9a54-5af2b7178616","e540a5a8-3aea-4504-ba6b-3b8fac2c29e4","9fb80d23-3130-435c-9d8c-35950ffc1c86"],"custom_css":[".collection-list-title {font-family: courier, monospace;}"],"settings":{"title":"T-Shirts","heading_size":"h1","image_ratio":"square","columns_desktop":3,"color_scheme":"","show_view_all":false,"columns_mobile":"1","swipe_on_mobile":false,"padding_top":36,"padding_bottom":36}},"8c5801e9-10a5-40c0-8e68-3447f1ee4391":{"type":"collection-list","blocks":{"template--19661288997178__8c5801e9-10a5-40c0-8e68-3447f1ee4391-featured_collection-1":{"type":"featured_collection","settings":{"collection":"hoodies"}},"template--19661288997178__8c5801e9-10a5-40c0-8e68-3447f1ee4391-featured_collection-2":{"type":"featured_collection","settings":{"collection":"crewneck-sweatshirts"}},"template--19661288997178__8c5801e9-10a5-40c0-8e68-3447f1ee4391-featured_collection-3":{"type":"featured_collection","settings":{"collection":"full-zip-sweatshirts"}},"845c8a8a-a8a4-4730-8261-ed3bf8c3d026":{"type":"featured_collection","settings":{"collection":"quarter-zip-sweatshirts"}},"373b67cf-fabf-4573-ad42-d638d54aa011":{"type":"featured_collection","settings":{"collection":"heavyweight-sweatshirts"}},"2a795ee5-7fb6-41dd-8bcf-a8521edf1a25":{"type":"featured_collection","settings":{"collection":"lightweight-sweatshirts"}},"467483b4-0590-4f72-b2c7-5a28f51f99d0":{"type":"featured_collection","settings":{"collection":"womens-sweatshirts-hoodies"}},"5a82d64b-7c61-456a-a44e-b0eca892ef95":{"type":"featured_collection","settings":{"collection":"kids-sweatshirts"}}},"block_order":["template--19661288997178__8c5801e9-10a5-40c0-8e68-3447f1ee4391-featured_collection-1","template--19661288997178__8c5801e9-10a5-40c0-8e68-3447f1ee4391-featured_collection-2","template--19661288997178__8c5801e9-10a5-40c0-8e68-3447f1ee4391-featured_collection-3","845c8a8a-a8a4-4730-8261-ed3bf8c3d026","373b67cf-fabf-4573-ad42-d638d54aa011","2a795ee5-7fb6-41dd-8bcf-a8521edf1a25","467483b4-0590-4f72-b2c7-5a28f51f99d0","5a82d64b-7c61-456a-a44e-b0eca892ef95"],"custom_css":[".collection-list-title {font-family: courier, monospace;}"],"settings":{"title":"Sweaters","heading_size":"h1","image_ratio":"square","columns_desktop":3,"color_scheme":"","show_view_all":false,"columns_mobile":"1","swipe_on_mobile":false,"padding_top":36,"padding_bottom":36}},"d1ace327-cb78-46ec-b463-4239aa125f74":{"type":"collection-list","blocks":{"template--19661288997178__d1ace327-cb78-46ec-b463-4239aa125f74-featured_collection-1":{"type":"featured_collection","settings":{"collection":"sweatpants-joggers"}},"template--19661288997178__d1ace327-cb78-46ec-b463-4239aa125f74-featured_collection-2":{"type":"featured_collection","settings":{"collection":"shorts"}},"template--19661288997178__d1ace327-cb78-46ec-b463-4239aa125f74-featured_collection-3":{"type":"featured_collection","settings":{"collection":"performance-pants"}},"deb5068c-ee47-4c6a-8754-3c9d6c75353f":{"type":"featured_collection","settings":{"collection":"womens-pants"}},"652bca8f-5d6c-4700-b872-edf1aa3a684f":{"type":"featured_collection","settings":{"collection":"womens-shorts"}},"147d3f62-3bcb-4c09-9e07-3831c901f8cd":{"type":"featured_collection","settings":{"collection":"youth-pants-shorts"}}},"block_order":["template--19661288997178__d1ace327-cb78-46ec-b463-4239aa125f74-featured_collection-1","template--19661288997178__d1ace327-cb78-46ec-b463-4239aa125f74-featured_collection-2","template--19661288997178__d1ace327-cb78-46ec-b463-4239aa125f74-featured_collection-3","deb5068c-ee47-4c6a-8754-3c9d6c75353f","652bca8f-5d6c-4700-b872-edf1aa3a684f","147d3f62-3bcb-4c09-9e07-3831c901f8cd"],"custom_css":[".collection-list-title {font-family: courier, monospace;}"],"settings":{"title":"Bottoms","heading_size":"h1","image_ratio":"square","columns_desktop":3,"color_scheme":"","show_view_all":false,"columns_mobile":"1","swipe_on_mobile":false,"padding_top":36,"padding_bottom":36}},"0d5c19f2-bea8-4bf6-92fa-0a7ef9a64da2":{"type":"collection-list","blocks":{"template--19661288997178__0d5c19f2-bea8-4bf6-92fa-0a7ef9a64da2-featured_collection-1":{"type":"featured_collection","settings":{"collection":"fleece-jackets"}},"template--19661288997178__0d5c19f2-bea8-4bf6-92fa-0a7ef9a64da2-featured_collection-2":{"type":"featured_collection","settings":{"collection":"fleece-pullovers"}},"template--19661288997178__0d5c19f2-bea8-4bf6-92fa-0a7ef9a64da2-featured_collection-3":{"type":"featured_collection","settings":{"collection":"vests"}},"730362af-7105-49fc-9167-7a6c78f9117c":{"type":"featured_collection","settings":{"collection":"windbreakers"}},"53c7574b-4e0c-4747-8db5-072c89e284ea":{"type":"featured_collection","settings":{"collection":"rain-jackets"}},"484c1471-dbeb-405b-a6c8-b5a32ea37dd8":{"type":"featured_collection","settings":{"collection":"womens-jackets"}}},"block_order":["template--19661288997178__0d5c19f2-bea8-4bf6-92fa-0a7ef9a64da2-featured_collection-1","template--19661288997178__0d5c19f2-bea8-4bf6-92fa-0a7ef9a64da2-featured_collection-2","template--19661288997178__0d5c19f2-bea8-4bf6-92fa-0a7ef9a64da2-featured_collection-3","730362af-7105-49fc-9167-7a6c78f9117c","53c7574b-4e0c-4747-8db5-072c89e284ea","484c1471-dbeb-405b-a6c8-b5a32ea37dd8"],"custom_css":[".collection-list-title {font-family: courier, monospace;}"],"settings":{"title":"Outerwear","heading_size":"h1","image_ratio":"square","columns_desktop":3,"color_scheme":"","show_view_all":false,"columns_mobile":"1","swipe_on_mobile":false,"padding_top":36,"padding_bottom":36}},"24434de5-9d0c-4da1-a229-ef8a822b611c":{"type":"collection-list","blocks":{"template--19661288997178__24434de5-9d0c-4da1-a229-ef8a822b611c-featured_collection-1":{"type":"featured_collection","settings":{"collection":"trucker-hats"}},"template--19661288997178__24434de5-9d0c-4da1-a229-ef8a822b611c-featured_collection-2":{"type":"featured_collection","settings":{"collection":"baseball-hats"}},"template--19661288997178__24434de5-9d0c-4da1-a229-ef8a822b611c-featured_collection-3":{"type":"featured_collection","settings":{"collection":"dad-hats"}},"5957d1ea-be08-4142-8fe9-6de832dbfd71":{"type":"featured_collection","settings":{"collection":"bucket-hats"}},"80333b22-eef8-44a5-8d13-829d3a0218d4":{"type":"featured_collection","settings":{"collection":"beanies"}},"683810c3-5cd0-4feb-95fd-7b8694ed3f8c":{"type":"featured_collection","settings":{"collection":"visors"}},"caf7e3b4-114b-4e16-8d1e-9ee223b9ee04":{"type":"featured_collection","settings":{"collection":"kids-hats"}},"a970e52c-3f7b-4993-a362-2d9e2ec5cc23":{"type":"featured_collection","settings":{"collection":"headbands"}}},"block_order":["template--19661288997178__24434de5-9d0c-4da1-a229-ef8a822b611c-featured_collection-1","template--19661288997178__24434de5-9d0c-4da1-a229-ef8a822b611c-featured_collection-2","template--19661288997178__24434de5-9d0c-4da1-a229-ef8a822b611c-featured_collection-3","5957d1ea-be08-4142-8fe9-6de832dbfd71","80333b22-eef8-44a5-8d13-829d3a0218d4","683810c3-5cd0-4feb-95fd-7b8694ed3f8c","caf7e3b4-114b-4e16-8d1e-9ee223b9ee04","a970e52c-3f7b-4993-a362-2d9e2ec5cc23"],"custom_css":[".collection-list-title {font-family: courier, monospace;}"],"settings":{"title":"Hats","heading_size":"h1","image_ratio":"square","columns_desktop":3,"color_scheme":"","show_view_all":false,"columns_mobile":"1","swipe_on_mobile":false,"padding_top":36,"padding_bottom":36}},"6ffe0cc8-1b38-4732-8792-b38bc7913a30":{"type":"collection-list","blocks":{"template--19661288997178__6ffe0cc8-1b38-4732-8792-b38bc7913a30-featured_collection-1":{"type":"featured_collection","settings":{"collection":"bags"}},"template--19661288997178__6ffe0cc8-1b38-4732-8792-b38bc7913a30-featured_collection-2":{"type":"featured_collection","settings":{"collection":"blankets"}},"template--19661288997178__6ffe0cc8-1b38-4732-8792-b38bc7913a30-featured_collection-3":{"type":"featured_collection","settings":{"collection":"drinkware"}},"c9ca844d-1cb1-425c-9f8f-c9e47cff09bd":{"type":"featured_collection","settings":{"collection":"ornaments"}},"199636d1-a5c7-4fa4-82e9-be8d76a30ef7":{"type":"featured_collection","settings":{"collection":"tech-accessories"}},"9f9b435c-761a-46ee-98b5-24fc51597256":{"type":"featured_collection","settings":{"collection":"towels"}},"fd33b72d-a952-4c43-b196-226da5b9f3f4":{"type":"featured_collection","settings":{"collection":"pens-office-supplies"}}},"block_order":["template--19661288997178__6ffe0cc8-1b38-4732-8792-b38bc7913a30-featured_collection-1","template--19661288997178__6ffe0cc8-1b38-4732-8792-b38bc7913a30-featured_collection-2","template--19661288997178__6ffe0cc8-1b38-4732-8792-b38bc7913a30-featured_collection-3","c9ca844d-1cb1-425c-9f8f-c9e47cff09bd","199636d1-a5c7-4fa4-82e9-be8d76a30ef7","9f9b435c-761a-46ee-98b5-24fc51597256","fd33b72d-a952-4c43-b196-226da5b9f3f4"],"custom_css":[".collection-list-title {font-family: courier, monospace;}"],"settings":{"title":"Accessories","heading_size":"h1","image_ratio":"square","columns_desktop":3,"color_scheme":"","show_view_all":false,"columns_mobile":"1","swipe_on_mobile":false,"padding_top":36,"padding_bottom":36}}},"order":["banner","product-grid","87c30441-dfac-4435-9f76-f31932e219d6","8c5801e9-10a5-40c0-8e68-3447f1ee4391","d1ace327-cb78-46ec-b463-4239aa125f74","0d5c19f2-bea8-4bf6-92fa-0a7ef9a64da2","24434de5-9d0c-4da1-a229-ef8a822b611c","6ffe0cc8-1b38-4732-8792-b38bc7913a30"]}