{"sections":{"banner":{"type":"main-collection-banner","disabled":true,"settings":{"show_collection_description":true,"show_collection_image":false,"color_scheme":"background-1"}},"product-grid":{"type":"main-collection-product-grid","disabled":true,"settings":{"products_per_page":16,"columns_desktop":4,"image_ratio":"square","image_shape":"default","show_secondary_image":false,"show_vendor":true,"show_rating":true,"enable_quick_add":false,"enable_filtering":true,"filter_type":"horizontal","enable_sorting":true,"columns_mobile":"2","padding_top":36,"padding_bottom":36}},"87c30441-dfac-4435-9f76-f31932e219d6":{"type":"collection-list","blocks":{"template--19661288997178__87c30441-dfac-4435-9f76-f31932e219d6-featured_collection-1":{"type":"featured_collection","settings":{"collection":"short-sleeve-t-shirts"}},"template--19661288997178__87c30441-dfac-4435-9f76-f31932e219d6-featured_collection-2":{"type":"featured_collection","settings":{"collection":"long-sleeve-t-shirts"}},"template--19661288997178__87c30441-dfac-4435-9f76-f31932e219d6-featured_collection-3":{"type":"featured_collection","settings":{"collection":"performance-shirts"}},"30ecdd19-5134-4db3-9a54-5af2b7178616":{"type":"featured_collection","settings":{"collection":"womens-t-shirts"}},"e540a5a8-3aea-4504-ba6b-3b8fac2c29e4":{"type":"featured_collection","settings":{"collection":"kids-t-shirts"}},"9fb80d23-3130-435c-9d8c-35950ffc1c86":{"type":"featured_collection","settings":{"collection":"tank-tops-sleeveless"}}},"block_order":["template--19661288997178__87c30441-dfac-4435-9f76-f31932e219d6-featured_collection-1","template--19661288997178__87c30441-dfac-4435-9f76-f31932e219d6-featured_collection-2","template--19661288997178__87c30441-dfac-4435-9f76-f31932e219d6-featured_collection-3","30ecdd19-5134-4db3-9a54-5af2b7178616","e540a5a8-3aea-4504-ba6b-3b8fac2c29e4","9fb80d23-3130-435c-9d8c-35950ffc1c86"],"settings":{"title":"T-Shirts","heading_size":"h1","image_ratio":"square","columns_desktop":3,"color_scheme":"","show_view_all":false,"columns_mobile":"1","swipe_on_mobile":false,"padding_top":36,"padding_bottom":36}},"8c5801e9-10a5-40c0-8e68-3447f1ee4391":{"type":"collection-list","blocks":{"template--19661288997178__8c5801e9-10a5-40c0-8e68-3447f1ee4391-featured_collection-1":{"type":"featured_collection","settings":{"collection":"hoodies"}},"template--19661288997178__8c5801e9-10a5-40c0-8e68-3447f1ee4391-featured_collection-2":{"type":"featured_collection","settings":{"collection":"crewneck-sweatshirts"}},"template--19661288997178__8c5801e9-10a5-40c0-8e68-3447f1ee4391-featured_collection-3":{"type":"featured_collection","settings":{"collection":"full-zip-sweatshirts"}},"845c8a8a-a8a4-4730-8261-ed3bf8c3d026":{"type":"featured_collection","settings":{"collection":"quarter-zip-sweatshirts"}},"373b67cf-fabf-4573-ad42-d638d54aa011":{"type":"featured_collection","settings":{"collection":"heavyweight-sweatshirts"}},"2a795ee5-7fb6-41dd-8bcf-a8521edf1a25":{"type":"featured_collection","settings":{"collection":"lightweight-sweatshirts"}},"467483b4-0590-4f72-b2c7-5a28f51f99d0":{"type":"featured_collection","settings":{"collection":"womens-sweatshirts-hoodies"}},"5a82d64b-7c61-456a-a44e-b0eca892ef95":{"type":"featured_collection","settings":{"collection":"kids-sweatshirts"}}},"block_order":["template--19661288997178__8c5801e9-10a5-40c0-8e68-3447f1ee4391-featured_collection-1","template--19661288997178__8c5801e9-10a5-40c0-8e68-3447f1ee4391-featured_collection-2","template--19661288997178__8c5801e9-10a5-40c0-8e68-3447f1ee4391-featured_collection-3","845c8a8a-a8a4-4730-8261-ed3bf8c3d026","373b67cf-fabf-4573-ad42-d638d54aa011","2a795ee5-7fb6-41dd-8bcf-a8521edf1a25","467483b4-0590-4f72-b2c7-5a28f51f99d0","5a82d64b-7c61-456a-a44e-b0eca892ef95"],"settings":{"title":"Sweaters","heading_size":"h1","image_ratio":"square","columns_desktop":3,"color_scheme":"","show_view_all":false,"columns_mobile":"1","swipe_on_mobile":false,"padding_top":36,"padding_bottom":36}}},"order":["banner","product-grid","87c30441-dfac-4435-9f76-f31932e219d6","8c5801e9-10a5-40c0-8e68-3447f1ee4391"]}