{"sections":{"main":{"type":"main-page","disabled":true,"settings":{"padding_top":28,"padding_bottom":28}},"40149471-562a-49b4-b482-03cdad44e66e":{"type":"collection-list","blocks":{"template--19661289980218__40149471-562a-49b4-b482-03cdad44e66e-featured_collection-1":{"type":"featured_collection","settings":{"collection":"fleece-jackets"}},"template--19661289980218__40149471-562a-49b4-b482-03cdad44e66e-featured_collection-2":{"type":"featured_collection","settings":{"collection":"fleece-pullovers"}},"template--19661289980218__40149471-562a-49b4-b482-03cdad44e66e-featured_collection-3":{"type":"featured_collection","settings":{"collection":"vests"}},"ade8fd97-bcb8-4245-9f61-cb40df48e19e":{"type":"featured_collection","settings":{"collection":"windbreakers"}},"42e5d580-2bed-42dc-a44c-cdf42a475376":{"type":"featured_collection","settings":{"collection":"rain-jackets"}},"b5b0cb91-d4c4-4693-80fd-fd45a701a155":{"type":"featured_collection","settings":{"collection":"womens-jackets"}}},"block_order":["template--19661289980218__40149471-562a-49b4-b482-03cdad44e66e-featured_collection-1","template--19661289980218__40149471-562a-49b4-b482-03cdad44e66e-featured_collection-2","template--19661289980218__40149471-562a-49b4-b482-03cdad44e66e-featured_collection-3","ade8fd97-bcb8-4245-9f61-cb40df48e19e","42e5d580-2bed-42dc-a44c-cdf42a475376","b5b0cb91-d4c4-4693-80fd-fd45a701a155"],"custom_css":[".collection-list-title {font-family: courier, monospace;}"],"settings":{"title":"Outerwear","heading_size":"h1","image_ratio":"square","columns_desktop":3,"color_scheme":"","show_view_all":false,"columns_mobile":"1","swipe_on_mobile":false,"padding_top":36,"padding_bottom":36}}},"order":["main","40149471-562a-49b4-b482-03cdad44e66e"]}