{"sections":{"951af127-63a8-4148-a5f1-5e2b2afa41a2":{"type":"multicolumn","blocks":{"template--19661289521466__951af127-63a8-4148-a5f1-5e2b2afa41a2-column-1":{"type":"column","settings":{"title":"","text":"<p>PromotionalProducts.com<\/p><p>32 East 57th Street, 8th Floor<\/p><p>New York, NY 10022 US<\/p><p><\/p><p><strong>Phone:<\/strong> 857-267-3800<\/p><p><strong>Toll-Free Phone:<\/strong> 855-544-4438<\/p><p><strong>Email: <\/strong>quotes@promotionalproducts.com<\/p>","link_label":"","link":""}},"5e335ea8-4ea5-4e1d-a278-a7a06de6af6b":{"type":"column","settings":{"image":"shopify:\/\/shop_images\/location.png","title":"","text":"","link_label":"","link":""}}},"block_order":["template--19661289521466__951af127-63a8-4148-a5f1-5e2b2afa41a2-column-1","5e335ea8-4ea5-4e1d-a278-a7a06de6af6b"],"custom_css":[".title{font-family: Courier; font-weight: bold;}"],"settings":{"title":"Contact Us","heading_size":"h1","image_width":"full","image_ratio":"adapt","columns_desktop":2,"column_alignment":"left","background_style":"primary","button_label":"","button_link":"","color_scheme":"","columns_mobile":"1","swipe_on_mobile":false,"padding_top":36,"padding_bottom":36}},"f0bcb0c7-c520-4fcd-9b70-8d98c26b9cfe":{"type":"multicolumn","blocks":{"template--19661289521466__f0bcb0c7-c520-4fcd-9b70-8d98c26b9cfe-column-1":{"type":"column","settings":{"title":"<strong>Dave Burnett<\/strong>","text":"<p><strong>Phone:<\/strong> 888-566-2577 ext. 222<\/p>","link_label":"Email","link":"mailto:dave@promotionalproducts.com"}},"template--19661289521466__f0bcb0c7-c520-4fcd-9b70-8d98c26b9cfe-column-2":{"type":"column","settings":{"title":"<strong>Khalid Essam<\/strong>","text":"<p><strong>Phone:<\/strong><\/p>","link_label":"Email","link":"mailto:khalid@aokmg.com"}},"template--19661289521466__f0bcb0c7-c520-4fcd-9b70-8d98c26b9cfe-column-3":{"type":"column","settings":{"title":"<strong>Thomas Silva<\/strong>","text":"<p><strong>Phone:<\/strong> <\/p>","link_label":"Email","link":"mailto:accounting@aokmg.com"}}},"block_order":["template--19661289521466__f0bcb0c7-c520-4fcd-9b70-8d98c26b9cfe-column-1","template--19661289521466__f0bcb0c7-c520-4fcd-9b70-8d98c26b9cfe-column-2","template--19661289521466__f0bcb0c7-c520-4fcd-9b70-8d98c26b9cfe-column-3"],"settings":{"title":"","heading_size":"h1","image_width":"full","image_ratio":"adapt","columns_desktop":3,"column_alignment":"left","background_style":"primary","button_label":"","button_link":"","color_scheme":"","columns_mobile":"1","swipe_on_mobile":false,"padding_top":36,"padding_bottom":36}},"main":{"type":"main-page","disabled":true,"custom_css":["h1 {font-size: 5px;}"],"settings":{"padding_top":36,"padding_bottom":36}},"form":{"type":"contact-form","settings":{"heading":"","heading_size":"h1","color_scheme":"background-1","padding_top":36,"padding_bottom":36}}},"order":["951af127-63a8-4148-a5f1-5e2b2afa41a2","f0bcb0c7-c520-4fcd-9b70-8d98c26b9cfe","main","form"]}