{"sections":{"main":{"type":"main-page","disabled":true,"settings":{"padding_top":28,"padding_bottom":28}},"40149471-562a-49b4-b482-03cdad44e66e":{"type":"collection-list","blocks":{"template--19661289980218__40149471-562a-49b4-b482-03cdad44e66e-featured_collection-1":{"type":"featured_collection","settings":{"collection":"hoodies"}},"template--19661289980218__40149471-562a-49b4-b482-03cdad44e66e-featured_collection-2":{"type":"featured_collection","settings":{"collection":"crewneck-sweatshirts"}},"template--19661289980218__40149471-562a-49b4-b482-03cdad44e66e-featured_collection-3":{"type":"featured_collection","settings":{"collection":"full-zip-sweatshirts"}},"ade8fd97-bcb8-4245-9f61-cb40df48e19e":{"type":"featured_collection","settings":{"collection":"quarter-zip-sweatshirts"}},"9d50a311-f261-4404-b07f-6a8f86b6bbdd":{"type":"featured_collection","settings":{"collection":"heavyweight-sweatshirts"}},"941aadc9-37b8-4791-a62a-90292a08b6e0":{"type":"featured_collection","settings":{"collection":"lightweight-sweatshirts"}},"1e9a0b8c-d59e-490a-a7a1-5e759cf5e2a0":{"type":"featured_collection","settings":{"collection":"womens-sweatshirts-hoodies"}},"ebd4512c-4bfb-4bd7-9461-f7cfd7019459":{"type":"featured_collection","settings":{"collection":"kids-sweatshirts"}}},"block_order":["template--19661289980218__40149471-562a-49b4-b482-03cdad44e66e-featured_collection-1","template--19661289980218__40149471-562a-49b4-b482-03cdad44e66e-featured_collection-2","template--19661289980218__40149471-562a-49b4-b482-03cdad44e66e-featured_collection-3","ade8fd97-bcb8-4245-9f61-cb40df48e19e","9d50a311-f261-4404-b07f-6a8f86b6bbdd","941aadc9-37b8-4791-a62a-90292a08b6e0","1e9a0b8c-d59e-490a-a7a1-5e759cf5e2a0","ebd4512c-4bfb-4bd7-9461-f7cfd7019459"],"settings":{"title":"T-Shirts","heading_size":"h1","image_ratio":"square","columns_desktop":3,"color_scheme":"","show_view_all":false,"columns_mobile":"1","swipe_on_mobile":false,"padding_top":36,"padding_bottom":36}}},"order":["main","40149471-562a-49b4-b482-03cdad44e66e"]}