{"sections":{"main":{"type":"main-product","blocks":{"vendor":{"type":"text","settings":{"text":"{{ product.vendor }}","text_style":"uppercase"}},"title":{"type":"title","settings":{}},"price":{"type":"price","settings":{}},"variant_picker":{"type":"variant_picker","settings":{"picker_type":"button"}},"quantity_selector":{"type":"quantity_selector","settings":{}},"86acb243-5842-4bf1-bccd-e8cae71fca9a":{"type":"shopify:\/\/apps\/inkybay-product-personalizer\/blocks\/app-block-product\/06a6337d-7eae-493f-b4ed-8b9f394746af","settings":{"inkybay_check_inventory":"no","inkybay_option_after_sizecolor":"optionsizecolor","inkybay_custom_css":""}},"buy_buttons":{"type":"buy_buttons","settings":{"show_dynamic_checkout":true,"show_gift_card_recipient":false}},"description":{"type":"description","settings":{}},"share":{"type":"share","settings":{"share_label":"Share"}}},"block_order":["vendor","title","price","variant_picker","quantity_selector","86acb243-5842-4bf1-bccd-e8cae71fca9a","buy_buttons","description","share"],"settings":{"enable_sticky_info":true,"media_size":"large","constrain_to_viewport":true,"media_fit":"contain","gallery_layout":"stacked","media_position":"left","image_zoom":"lightbox","mobile_thumbnails":"hide","hide_variants":true,"enable_video_looping":false,"padding_top":36,"padding_bottom":12}},"1691204945e1c63da5":{"type":"apps","settings":{"include_margins":true}},"16912049212f25390b":{"type":"apps","blocks":{"7c97f3fa-e80d-4412-886e-712963b574bc":{"type":"shopify:\/\/apps\/product-reviews\/blocks\/star_rating\/bae150af-8da8-48b2-9867-398188115e5f","settings":{"stars_fill_color":"#000000","star_size":15,"text_align":"center","product":"{{product}}","stars_text_empty":"No reviews"}},"e65e94e7-17b3-4fb6-9886-bfecefb32eef":{"type":"shopify:\/\/apps\/product-reviews\/blocks\/reviews\/bae150af-8da8-48b2-9867-398188115e5f","settings":{}}},"block_order":["7c97f3fa-e80d-4412-886e-712963b574bc","e65e94e7-17b3-4fb6-9886-bfecefb32eef"],"settings":{"include_margins":true}},"16912049340741f4b1":{"type":"apps","settings":{"include_margins":true}},"related-products":{"type":"related-products","settings":{"heading":"You may also like","heading_size":"h2","products_to_show":4,"columns_desktop":4,"color_scheme":"background-1","image_ratio":"square","image_shape":"default","show_secondary_image":true,"show_vendor":false,"show_rating":false,"columns_mobile":"2","padding_top":36,"padding_bottom":28}}},"order":["main","1691204945e1c63da5","16912049212f25390b","16912049340741f4b1","related-products"]}